epoch,accuracy,loss,val_accuracy,val_loss
0,0.586635172367096,0.9757525324821472,0.7540157437324524,0.6490694880485535
1,0.7555855512619019,0.6412225365638733,0.7740157246589661,0.5732772350311279
